Workbook

Sheet Datos_Raw
A1: Pedido | B1: Fecha | C1: Cliente | D1: Ciudad | E1: Producto | F1: Categoría | G1: PrecioUnitario | H1: Cantidad | I1: Descuento | J1: Vendedor | K1: Estado
A2: 1001 | B2: 46025 | C2: Ana Torres | D2: Valledupar | E2: Soporte laptop | F2: Accesorios | G2: 85000 | H2: 2 | I2: 0.05 | J2: Laura | K2: Completado
A3: 1002 | B3: 46026 | C3: Carlos Pérez | D3: Valledupar | E3: Teclado | F3: Periféricos | G3: 70000 | H3: 1 | I3: 0 | J3: Laura | K3: Completado
A4: 1003 | B4: 46027 | C4: maria gomez | D4: Barranquilla | E4: Mouse | F4: Periféricos | G4: 45000 | H4: 3 | I4: 0.10 | J4: Diego | K4: Completado
A5: 1004 | B5: 46027 | C5: Juan Díaz | D5: Valledupar | E5: Webcam | F5: Periféricos | G5: 120000 | H5: 1 | I5: 0.05 | J5: Laura | K5: Pendiente
A6: 1005 | B6: 46029 | C6: Sofía Rojas | D6: Bogotá | E6: Monitor | F6: Monitores | G6: 780000 | H6: 1 | I6: 0 | J6: Diego | K6: Completado
A7: 1006 | B7: 46031 | C7: Pedro Ruiz | D7: Bogota | E7: Monitor | F7: Monitores | G7: 780000 | H7: 2 | I7: 0.05 | J7: Diego | K7: Completado
A8: 1007 | B8: 46033 | C8: Ana Torres | D8: Valledupar | E8: Soporte laptop | F8: Accesorios | G8: 85000 | H8: 1 | I8: 0 | J8: Laura | K8: Devuelto
A9: 1008 | B9: 46034 | C9: carlos perez | D9: Valledupar | E9: Teclado | F9: Periféricos | G9: 70000 | H9: 2 | I9: 0 | J9: Laura | K9: Completado
A10: 1009 | B10: 46035 | C10: Luisa Martínez | D10: Sincelejo | E10: Audífonos | F10: Periféricos | G10: 95000 | H10: 2 | I10: 0.10 | J10: Diego | K10: Completado
A11: 1010 | B11: 46037 | C11: Mateo Castro | D11: Barranquilla | E11: Webcam | F11: Periféricos | G11: 120000 | H11: 2 | I11: 0 | J11: Diego | K11: Completado
A12: 1010 | B12: 46037 | C12: Mateo Castro | D12: Barranquilla | E12: Webcam | F12: Periféricos | G12: 120000 | H12: 2 | I12: 0 | J12: Diego | K12: Completado
A13: 1011 | B13: 46038 | C13: Valentina Mora | D13: Valledupar | E13: Monitor | F13: Monitores | G13: 780000 | H13: 1 | J13: Diego | K13: Completado
A14: 1012 | B14: 46039 | C14: Camilo López | D14: Bogota | E14: Soporte laptop | F14: Accesorios | G14: 85000 | H14: 3 | I14: 0.05 | J14: Laura | K14: Cancelado

Sheet Datos_Limpios
A1: Pedido | B1: Fecha | C1: Cliente | D1: Ciudad | E1: Producto | F1: Categoría | G1: Precio Unitario | H1: Cantidad | I1: Descuento | J1: Vendedor | K1: Estado | L1: Venta Bruta | M1: Valor Descuento | N1: Venta Neta | O1: Venta Reconocida
A2: 1001 | B2: 46025 | C2: Ana Torres | D2: Valledupar | E2: Soporte laptop | F2: Accesorios | G2: 85000 | H2: 2 | I2: 0.05 | J2: Laura | K2: Completado | L2: =H2*G2 -> 170000 | M2: =Tabla3[[#This Row],[Venta Bruta]]*Tabla3[[#This Row],[Descuento]] -> 8500 | N2: =Tabla3[[#This Row],[Venta Bruta]]-Tabla3[[#This Row],[Valor Descuento]] -> 161500 | O2: =IF(Tabla3[[#This Row],[Estado]]="Completado", Tabla3[[#This Row],[Venta Neta]], 0) -> 161500
A3: 1002 | B3: 46026 | C3: Carlos Pérez | D3: Valledupar | E3: Teclado | F3: Periféricos | G3: 70000 | H3: 1 | I3: 0 | J3: Laura | K3: Completado | L3: =H3*G3 -> 70000 | M3: =Tabla3[[#This Row],[Venta Bruta]]*Tabla3[[#This Row],[Descuento]] -> 0 | N3: =Tabla3[[#This Row],[Venta Bruta]]-Tabla3[[#This Row],[Valor Descuento]] -> 70000 | O3: =IF(Tabla3[[#This Row],[Estado]]="Completado", Tabla3[[#This Row],[Venta Neta]], 0) -> 70000
A4: 1003 | B4: 46027 | C4: Maria Gomez | D4: Barranquilla | E4: Mouse | F4: Periféricos | G4: 45000 | H4: 3 | I4: 0.1 | J4: Diego | K4: Completado | L4: =H4*G4 -> 135000 | M4: =Tabla3[[#This Row],[Venta Bruta]]*Tabla3[[#This Row],[Descuento]] -> 13500 | N4: =Tabla3[[#This Row],[Venta Bruta]]-Tabla3[[#This Row],[Valor Descuento]] -> 121500 | O4: =IF(Tabla3[[#This Row],[Estado]]="Completado", Tabla3[[#This Row],[Venta Neta]], 0) -> 121500
A5: 1004 | B5: 46027 | C5: Juan Díaz | D5: Valledupar | E5: Webcam | F5: Periféricos | G5: 120000 | H5: 1 | I5: 0.05 | J5: Laura | K5: Pendiente | L5: =H5*G5 -> 120000 | M5: =Tabla3[[#This Row],[Venta Bruta]]*Tabla3[[#This Row],[Descuento]] -> 6000 | N5: =Tabla3[[#This Row],[Venta Bruta]]-Tabla3[[#This Row],[Valor Descuento]] -> 114000 | O5: =IF(Tabla3[[#This Row],[Estado]]="Completado", Tabla3[[#This Row],[Venta Neta]], 0) -> 0
A6: 1005 | B6: 46029 | C6: Sofía Rojas | D6: Bogotá | E6: Monitor | F6: Monitores | G6: 780000 | H6: 1 | I6: 0 | J6: Diego | K6: Completado | L6: =H6*G6 -> 780000 | M6: =Tabla3[[#This Row],[Venta Bruta]]*Tabla3[[#This Row],[Descuento]] -> 0 | N6: =Tabla3[[#This Row],[Venta Bruta]]-Tabla3[[#This Row],[Valor Descuento]] -> 780000 | O6: =IF(Tabla3[[#This Row],[Estado]]="Completado", Tabla3[[#This Row],[Venta Neta]], 0) -> 780000
A7: 1006 | B7: 46031 | C7: Pedro Ruiz | D7: Bogotá | E7: Monitor | F7: Monitores | G7: 780000 | H7: 2 | I7: 0.05 | J7: Diego | K7: Completado | L7: =H7*G7 -> 1560000 | M7: =Tabla3[[#This Row],[Venta Bruta]]*Tabla3[[#This Row],[Descuento]] -> 78000 | N7: =Tabla3[[#This Row],[Venta Bruta]]-Tabla3[[#This Row],[Valor Descuento]] -> 1482000 | O7: =IF(Tabla3[[#This Row],[Estado]]="Completado", Tabla3[[#This Row],[Venta Neta]], 0) -> 1482000
A8: 1007 | B8: 46033 | C8: Ana Torres | D8: Valledupar | E8: Soporte laptop | F8: Accesorios | G8: 85000 | H8: 1 | I8: 0 | J8: Laura | K8: Devuelto | L8: =H8*G8 -> 85000 | M8: =Tabla3[[#This Row],[Venta Bruta]]*Tabla3[[#This Row],[Descuento]] -> 0 | N8: =Tabla3[[#This Row],[Venta Bruta]]-Tabla3[[#This Row],[Valor Descuento]] -> 85000 | O8: =IF(Tabla3[[#This Row],[Estado]]="Completado", Tabla3[[#This Row],[Venta Neta]], 0) -> 0
A9: 1008 | B9: 46034 | C9: Carlos Perez | D9: Valledupar | E9: Teclado | F9: Periféricos | G9: 70000 | H9: 2 | I9: 0 | J9: Laura | K9: Completado | L9: =H9*G9 -> 140000 | M9: =Tabla3[[#This Row],[Venta Bruta]]*Tabla3[[#This Row],[Descuento]] -> 0 | N9: =Tabla3[[#This Row],[Venta Bruta]]-Tabla3[[#This Row],[Valor Descuento]] -> 140000 | O9: =IF(Tabla3[[#This Row],[Estado]]="Completado", Tabla3[[#This Row],[Venta Neta]], 0) -> 140000
A10: 1009 | B10: 46035 | C10: Luisa Martínez | D10: Sincelejo | E10: Audífonos | F10: Periféricos | G10: 95000 | H10: 2 | I10: 0.1 | J10: Diego | K10: Completado | L10: =H10*G10 -> 190000 | M10: =Tabla3[[#This Row],[Venta Bruta]]*Tabla3[[#This Row],[Descuento]] -> 19000 | N10: =Tabla3[[#This Row],[Venta Bruta]]-Tabla3[[#This Row],[Valor Descuento]] -> 171000 | O10: =IF(Tabla3[[#This Row],[Estado]]="Completado", Tabla3[[#This Row],[Venta Neta]], 0) -> 171000
A11: 1010 | B11: 46037 | C11: Mateo Castro | D11: Barranquilla | E11: Webcam | F11: Periféricos | G11: 120000 | H11: 2 | I11: 0 | J11: Diego | K11: Completado | L11: =H11*G11 -> 240000 | M11: =Tabla3[[#This Row],[Venta Bruta]]*Tabla3[[#This Row],[Descuento]] -> 0 | N11: =Tabla3[[#This Row],[Venta Bruta]]-Tabla3[[#This Row],[Valor Descuento]] -> 240000 | O11: =IF(Tabla3[[#This Row],[Estado]]="Completado", Tabla3[[#This Row],[Venta Neta]], 0) -> 240000
A12: 1011 | B12: 46038 | C12: Valentina Mora | D12: Valledupar | E12: Monitor | F12: Monitores | G12: 780000 | H12: 1 | I12: 0 | J12: Diego | K12: Completado | L12: =H12*G12 -> 780000 | M12: =Tabla3[[#This Row],[Venta Bruta]]*Tabla3[[#This Row],[Descuento]] -> 0 | N12: =Tabla3[[#This Row],[Venta Bruta]]-Tabla3[[#This Row],[Valor Descuento]] -> 780000 | O12: =IF(Tabla3[[#This Row],[Estado]]="Completado", Tabla3[[#This Row],[Venta Neta]], 0) -> 780000
A13: 1012 | B13: 46039 | C13: Camilo López | D13: Bogotá | E13: Soporte laptop | F13: Accesorios | G13: 85000 | H13: 3 | I13: 0.05 | J13: Laura | K13: Cancelado | L13: =H13*G13 -> 255000 | M13: =Tabla3[[#This Row],[Venta Bruta]]*Tabla3[[#This Row],[Descuento]] -> 12750 | N13: =Tabla3[[#This Row],[Venta Bruta]]-Tabla3[[#This Row],[Valor Descuento]] -> 242250 | O13: =IF(Tabla3[[#This Row],[Estado]]="Completado", Tabla3[[#This Row],[Venta Neta]], 0) -> 0

Sheet Resumen
A1: Ventas Netas Reconocidas | B1: Unidades Vendidas | C1: Numero de Pedidos validos | D1: Pedidos Completados | E1: Ticket Promedio | F1: Ventas por Ciudad | G1: Ventas por Producto | H1: Ventas por Vendedor | I1: Cantidad de pedidos por estado
A2: =SUM(Datos_Limpios!O2:O13) -> 3946000 | B2: =SUMIF(Datos_Limpios!K2:K13,"Completado",Datos_Limpios!H2:H13) -> 16 | C2: =COUNTA(Datos_Limpios!A2:A13) -> 12 | D2: =COUNTIF(Datos_Limpios!K2:K13,"Completado") -> 9 | E2: =AVERAGEIF(Datos_Limpios!K2:K13,"Completado",Datos_Limpios!N2:N13) -> 438444.44 | F2: De 1 a 4 ventas | G2: De 1 a 3 ventas | H2: De 3 a 6 | I2: 9 Vendidos
I3: 1 Cancelado
I4: 1 devuelto
I5: 1 pendiente
E7: Productos | F7: Ventas
E8: Audifonos | F8: 2
E9: Monitor | F9: 4
A10: Ciudad | B10: Ventas | E10: Mouse | F10: 3
A11: Valledupar | B11: 4 | E11: Soporte Laptop | F11: 2
A12: Bogotá | B12: 2 | E12: Teclado | F12: 3
A13: Barranquilla | B13: 2 | E13: Webcam | F13: 2
A14: Sincelejo | B14: 1
A22: Ciudad | B22: Venta reconocida
A23: Bogotá | B23: 2262000
A24: Valledupar | B24: 1151500 | E24: Vendedor | F24: Venta reconocida
A25: Barranquilla | B25: 361500 | E25: Diego | F25: 3574500
A26: Sincelejo | B26: 171000 | E26: Laura | F26: 371500
